{
  "PHI": 1546.4621984414637,
  "LAC": 1559.5221045466465,
  "ATL": 1434.251687615977,
  "CLE": 1373.1503168698034,
  "IND": 1533.497195180272,
  "JAX": 1589.2094388646606,
  "NE": 1611.2401327985199,
  "NO": 1406.8183998774944,
  "NYJ": 1352.9899782044101,
  "WAS": 1408.4345351671059,
  "DEN": 1644.9893285775229,
  "SEA": 1671.0504238241983,
  "GB": 1599.633004023107,
  "LA": 1662.5708334929952,
  "BUF": 1610.3148845721314,
  "CHI": 1563.5624022674533,
  "BAL": 1500.241187586016,
  "CIN": 1384.1263926045226,
  "DAL": 1475.6918853054606,
  "DET": 1557.4672100519279,
  "MIA": 1478.257825117937,
  "PIT": 1518.6837433460098,
  "TEN": 1317.103008760569,
  "ARI": 1400.4184399468286,
  "KC": 1511.882320745232,
  "MIN": 1478.9369642697995,
  "HOU": 1615.9200232736034,
  "LV": 1326.9132260724218,
  "CAR": 1459.2189198143992,
  "TB": 1470.0580534692351,
  "SF": 1589.1832974426557,
  "NYG": 1348.20063786962
}